Times of Transmission,8.18,8.179
Real Time of Transmission,8.18,16.36,24.539
Predicted Times of Transmission,8.1795,16.359
Error,-0.0004999999999988347,-0.0009999999999976694
