Times of Transmission,474.39,16.358
Real Time of Transmission,474.39,490.748
Predicted Times of Transmission,8.17907142857143,16.35814285714286
Error,6.766917293114916e-05,6.403940886581326e-05
Internal Computer Clock,24.618873,78.569705,84.9059977,145.12871610000002,204.3428728,264.5656968,324.7885931,385.01088830000003,444.22483700000004,504.4475364,553.3113162,564.734611,569.8861314
