Times of Transmission,8.179,8.18,8.179
Real Time of Transmission,8.179,16.359,24.538000000000004
Predicted Times of Transmission,8.179,16.358,24.537
Error,0.0,0.0010000000000012221,0.0010000000000047748
